--
-- PostgreSQL database dump
--

\restrict quqDKYnXtwqD1IeCS8UE0t7c61geqfUaloxcvHeNENoufdYLLgXCOcYu1wMPGAN

-- Dumped from database version 18.3 (Ubuntu 18.3-1)
-- Dumped by pg_dump version 18.3 (Ubuntu 18.3-1)

SET statement_timeout = 0;
SET lock_timeout = 0;
SET idle_in_transaction_session_timeout = 0;
SET transaction_timeout = 0;
SET client_encoding = 'UTF8';
SET standard_conforming_strings = on;
SELECT pg_catalog.set_config('search_path', '', false);
SET check_function_bodies = false;
SET xmloption = content;
SET client_min_messages = warning;
SET row_security = off;

SET default_tablespace = '';

SET default_table_access_method = heap;

--
-- Name: order_items; Type: TABLE; Schema: public; Owner: char_user
--

CREATE TABLE public.order_items (
    quantity integer,
    product_id bigint NOT NULL,
    user_id bigint NOT NULL,
    done_quantity integer DEFAULT 0 NOT NULL
);


ALTER TABLE public.order_items OWNER TO char_user;

--
-- Name: product_user; Type: TABLE; Schema: public; Owner: char_user
--

CREATE TABLE public.product_user (
    user_id bigint NOT NULL,
    product_id bigint NOT NULL
);


ALTER TABLE public.product_user OWNER TO char_user;

--
-- Name: products; Type: TABLE; Schema: public; Owner: char_user
--

CREATE TABLE public.products (
    id bigint NOT NULL,
    category character varying(255) NOT NULL,
    name character varying(255) NOT NULL
);


ALTER TABLE public.products OWNER TO char_user;

--
-- Name: products_id_seq; Type: SEQUENCE; Schema: public; Owner: char_user
--

ALTER TABLE public.products ALTER COLUMN id ADD GENERATED BY DEFAULT AS IDENTITY (
    SEQUENCE NAME public.products_id_seq
    START WITH 1
    INCREMENT BY 1
    NO MINVALUE
    NO MAXVALUE
    CACHE 1
);


--
-- Name: users; Type: TABLE; Schema: public; Owner: char_user
--

CREATE TABLE public.users (
    id bigint NOT NULL,
    email character varying(255) NOT NULL,
    name character varying(255) NOT NULL,
    password character varying(255) NOT NULL,
    role character varying(255) NOT NULL,
    input_mode character varying(255) DEFAULT 'ORDER'::character varying NOT NULL
);


ALTER TABLE public.users OWNER TO char_user;

--
-- Name: users_id_seq; Type: SEQUENCE; Schema: public; Owner: char_user
--

ALTER TABLE public.users ALTER COLUMN id ADD GENERATED BY DEFAULT AS IDENTITY (
    SEQUENCE NAME public.users_id_seq
    START WITH 1
    INCREMENT BY 1
    NO MINVALUE
    NO MAXVALUE
    CACHE 1
);


--
-- Data for Name: order_items; Type: TABLE DATA; Schema: public; Owner: char_user
--

COPY public.order_items (quantity, product_id, user_id, done_quantity) FROM stdin;
4	11	4	0
7	125	4	0
4	127	4	0
3	140	4	0
3	31	4	0
12	12	5	0
4	15	5	0
2	24	5	0
7	80	5	0
3	82	5	0
7	93	5	0
7	94	5	0
2	137	5	0
5	144	5	0
7	155	5	0
3	190	5	0
7	213	5	0
0	6	4	0
9	7	4	0
3	84	4	0
45	30	4	0
\.


--
-- Data for Name: product_user; Type: TABLE DATA; Schema: public; Owner: char_user
--

COPY public.product_user (user_id, product_id) FROM stdin;
4	6
4	7
4	9
4	10
4	12
4	13
4	14
4	11
4	16
4	17
4	15
4	18
4	19
4	21
4	20
4	22
4	23
4	24
4	25
4	26
4	27
4	28
4	29
4	30
4	31
4	78
4	79
4	80
4	81
4	82
4	83
4	84
4	86
4	87
4	85
4	88
4	89
4	90
4	91
4	92
4	93
4	94
4	124
4	125
4	126
4	127
4	128
4	129
4	130
4	131
4	132
4	133
4	134
4	135
4	136
4	137
4	138
4	139
4	140
4	141
4	142
4	143
4	144
4	145
4	146
4	147
4	148
4	149
4	151
4	152
4	153
4	150
5	12
5	11
5	15
5	19
5	20
5	24
5	74
5	80
5	82
5	85
5	90
5	91
5	93
5	94
5	96
5	137
5	138
5	140
5	144
5	146
5	155
5	187
5	190
5	179
5	181
5	192
5	213
5	215
5	217
5	219
5	221
5	222
5	150
\.


--
-- Data for Name: products; Type: TABLE DATA; Schema: public; Owner: char_user
--

COPY public.products (id, category, name) FROM stdin;
7	boeuf	BASSE COTE / COLLIER A BRAISER **
9	boeuf	BAVETTE ALOYAU ***
10	boeuf	BAVETTE FLANCHET *
11	boeuf	BŒUF BOURGUIGNON CUIT
166	porc	JAMBON SEC
167	porc	JAMBONNEAU SANS OS
168	porc	JAMBONNETTE
169	porc	JÉSUS DE PORC CUIT
170	porc	JOUE DE PORC ABATS
171	porc	LANGUE DE PORC EN GELÉE
172	porc	LARDONS FUMES
173	porc	LARDONS NATURES
174	porc	LARDONS SALES
175	porc	MOUSSE DE FOIE
176	porc	PÂTÉ AUX CHAMPIGNONS
177	porc	PÂTÉ CROÛTE
178	porc	PÂTÉ CROÛTE APÉRITIF AUX NOISETTES
179	porc	PÂTÉ CROÛTE APÉRITIF AUX PISTACHES
180	porc	PÂTÉ CROÛTE AU FOIE GRAS
181	porc	PÂTÉ CROÛTE POUR APÉRITIF
182	porc	PÂTÉ DE CAMPAGNE
183	porc	PIED DE PORC CUIT
184	porc	POITRINE AU PIMENT
185	porc	POITRINE AUX HERBES DE PROVENCE
186	porc	POITRINE FARCIE AUX OLIVES
187	porc	POITRINE FRAÎCHE
188	porc	POITRINE FUMÉE
189	porc	POITRINE SALÉE
190	porc	POITRINE SALÉE CUITE
191	porc	POITRINE SÉCHÉE
192	porc	QUEUE DE COCHON ABAT
193	porc	QUICHE AU CHORIZO
194	porc	QUICHE AU JAMBON
195	porc	QUICHE JAMBON ET LARDONS FUMES
196	porc	RILLETTES
197	porc	ROSETTE TRANCHÉE
198	porc	RÔTI CUIT PORC
199	porc	RÔTI DE PORC FARCI AUX CÈPES
200	porc	RÔTI FARCI AUX OLIVES PORC
201	porc	RÔTI FILET
202	porc	RÔTI GRILLADE
203	porc	ROUELLE
204	porc	ROUELLE AU PIMENT
205	porc	SAUCISSE CUITE
206	porc	SAUCISSE CUITE AUX PISTACHES
207	porc	SAUCISSES A RÔTIR
208	porc	SAUCISSES AUX HERBES
209	porc	SAUCISSES DE COUENNE
210	porc	SAUCISSES FUMÉES
211	porc	SAUCISSON A CUIRE
212	porc	SAUCISSON A L'HUILE
213	porc	SAUCISSON APÉRITIF PORC
214	porc	SAUCISSON APÉRITIF AUX NOISETTES
215	porc	SAUCISSON BRIOCHE
216	porc	SAUCISSON BRIOCHE AUX PISTACHES
217	porc	SAUCISSON SEC PORC
218	porc	SAUCISSONS A CUIRE AUX PISTACHES
219	porc	SAUTE DE PORC
220	porc	SAUTE DE PORC CUIT
221	porc	STICK CHORIZO APÉRO
222	porc	TALON PÂTÉ CROÛTE
223	porc	TRAVERS DE PORC A GRILLER
224	porc	TRAVERS DE PORC AU PIMENT
225	porc	VIANDE SÉCHÉE PORC
114	porc	ANDOUILLETTES DE PORC
229	boeuf	BASSE COTE A GRILLER **
230	boeuf	AIGUILLETTE BARONNE **
12	boeuf	BOURGUIGNON **
13	boeuf	BROCHETTES D'ABATS BOEUF
14	boeuf	BROCHETTES DE BŒUF ***
15	boeuf	CAISSETTE 5KG (non sous vide) BOEUF
16	boeuf	CAISSETTE 10KG (non sous vide) BOEUF
17	boeuf	CAISSETTE 10KG (sous vide) BOEUF
18	boeuf	CAISSETTE 5KG (sous vide) BOEUF
19	boeuf	CAISSETTE 5kg MERGUEZ
20	boeuf	CŒUR BOEUF
21	boeuf	COTE DE BŒUF AVEC OS ***
22	boeuf	ENTRECÔTE EXTRA ***
23	boeuf	FAUX FILET ***
24	boeuf	FILET DE BŒUF ***
25	boeuf	FOIE DE BŒUF
26	boeuf	GÎTE DE NOIX**
27	boeuf	HACHIS PARMENTIER BŒUF/PORC
28	boeuf	HAMPE **
29	boeuf	JARRET AVEC OS **
30	boeuf	JARRET SANS OS **
124	porc	CAILLETTE CUITE POUR APÉRITIF
32	boeuf	JOUE DE BŒUF EN GELÉE
33	boeuf	JUMEAU A BRAISER **
34	boeuf	JUMEAU A GRILLER **
35	boeuf	JUMEAU A GRILLER PIMENT**
36	boeuf	LANGUE ABAT
37	boeuf	LANGUE DE BŒUF EN GELÉE
38	boeuf	LASAGNES
39	boeuf	MACREUSE **
40	boeuf	MERGUEZ DE BŒUF
41	boeuf	ONGLET ***
42	boeuf	OS A MOELLE
43	boeuf	PALERON A BRAISER ***
44	boeuf	PALERON A GRILLER AU PIMENT**
45	boeuf	PAUPIETTES DE BŒUF
46	boeuf	PAVE DE RUMSTEAK ***
47	boeuf	PIÈCE A BROCHETTES ***
48	boeuf	PIÈCE A FONDUE ***
49	boeuf	PIÈCE A GRILLER ***
50	boeuf	POIRE ***
51	boeuf	POT AU FEU AVEC OS **
52	boeuf	POT AU FEU SANS OS **
53	boeuf	QUEUE DE BŒUF ***
54	boeuf	ROGNON DE BŒUF
55	boeuf	ROND DE VEINE *
56	boeuf	ROSBEEF ***
57	boeuf	ROSETTE DE BŒUF
58	boeuf	RÔTI DE BŒUF FARCI **
59	boeuf	RUMSTEAK ***
60	boeuf	SALADE DE MUSEAU DE BŒUF
61	boeuf	SAUCISSON APÉRITIF BOEUF
62	boeuf	SAUCISSON DE BŒUF
63	boeuf	SAUCISSON DE BŒUF A L'HUILE
64	boeuf	STEAKS HACHES DE BŒUF 1kg
65	boeuf	STEAKS HACHES DE BŒUF 3KG
66	boeuf	STEAKS HACHES DE BŒUF 6KG
67	boeuf	SURPRISE ***
68	boeuf	TENDE DE TRANCHE***
69	boeuf	TOURNEDOS FAUX FILET ***
70	boeuf	TOURNEDOS FILET ***
71	boeuf	TOURNEDOS RUMSTEAK ***
72	boeuf	TRANCHE DE ROSBEEF CUIT
73	boeuf	TRANCHE GRASSE**
74	boeuf	TRIPES CRUES
75	boeuf	TRIPES CUISINÉES
76	boeuf	VIANDE A HACHER
77	boeuf	VIANDE HACHÉE - Bœuf/Porc
78	boeuf	VIANDE HACHÉE SALÉE
79	boeuf	VIANDE HACHÉE SURGELÉE 2KG
80	boeuf	VIANDE SÉCHÉE DE BŒUF
81	veau	BLANQUETTE DE VEAU
82	veau	BROCHETTES
83	veau	BROCHETTES D'ABATS VEAU
84	veau	CAISSETTE 5KG (sous vide) VEAU
85	veau	CŒUR VEAU
86	veau	COTE DE VEAU AVEC OS
87	veau	COTE DE VEAU SANS OS
88	veau	ESCALOPES DE VEAU
89	veau	FARCE DE VEAU
90	veau	FOIE DE VEAU
91	veau	GODIVEAUX
92	veau	GRENADIN DE VEAU
93	veau	HAMPE DE VEAU
94	veau	JOUE DE VEAU
95	veau	LANGUE DE VEAU
96	veau	ONGLET DE VEAU
97	veau	OSSO BUCCO
98	veau	PAUPIETTE DE VEAU
99	veau	PAVE FILET DE VEAU
100	veau	POITRINE AUX OLIVES
101	veau	POITRINE FARCIE AUX OLIVES CUIT
102	veau	QUEUE DE VEAU
103	veau	ROGNON DE VEAU
104	veau	RÔTI BAS CARRE
105	veau	RÔTI CUIT VEAU
106	veau	RÔTI ÉPAULE
107	veau	RÔTI FARCI AUX OLIVES VEAU
108	veau	RÔTI NOIX PATISSIERE
109	veau	SAUTE DE VEAU
110	veau	TENDRONS DE VEAU
111	veau	TÊTE DE VEAU
112	veau	TOURNEDOS FAUX FILET
113	veau	TOURNEDOS FILET DE VEAU
31	boeuf	JOUE DE BŒUF ***
115	porc	ARAIGNÉE DE PORC X2
116	porc	ASSORTIMENT CHARCUTERIE
117	porc	ASSORTIMENT CHOUCROUTE
118	porc	BOUDIN BLANC
119	porc	BOUDIN BLANC AUX CÈPES
120	porc	BOUDIN NOIR
121	porc	BRASSÉE DE ST MICHEL A GRILLER
122	porc	BROCHETTES DE PORC
123	porc	CAILLETTE CUITE
6	boeuf	ARAIGNÉE ***
125	porc	CAISSETTE 5KG
126	porc	CAISSETTE CHIPOLATAS 5kg
127	porc	CHAIR A SAUCISSE
128	porc	CHIFFONNADE DE JAMBON SEC
129	porc	CHIPOLATAS
130	porc	CHIPOLATAS / MERGUEZ 5kg
131	porc	CHIPOLATAS AUX HERBES
132	porc	CHIPOLATAS AUX OLIVES
133	porc	CHIPOLATAS AUX POIVRONS
134	porc	CHIPOLATAS DE COUENNE
135	porc	CHIPOLATAS TOMATES ET BASILIC
136	porc	CHIPOLATAS/MERGUEZ
137	porc	CHORIZO A GRILLER
138	porc	CHORIZO SEC
139	porc	CHORIZO TRANCHE
140	porc	CHOUCROUTE CUITE
141	porc	COTES AU PIMENT
142	porc	COTES AVEC OS
143	porc	COTES FUMÉES
144	porc	COTES HERBES DE PROVENCE
145	porc	COTES SANS OS
146	porc	COTI SALE CUIT
147	porc	DES DE JAMBON
148	porc	DIOTS
149	porc	DIOTS CUITS AU VIN BLANC
150	porc	ÉCHINE DE PORC SÉCHÉE
151	porc	ESCALOPES
152	porc	ESCALOPES DE PORC PIMENT
153	porc	FILET MIGNON
154	porc	FILET MIGNON AU PIMENT
155	porc	FILET MIGNON AUX HERBES DE PROVENCE
156	porc	FROMAGE DE TÊTE
157	porc	FROMAGE DE TÊTE CORNICHONS
158	porc	GALANTINE DE PORC
159	porc	GALANTINE DE PORC AUX CÈPES
160	porc	GRILLADES
161	porc	GRILLADES AU PIMENT
162	porc	GRILLADES HERBES DE PROVENCES
163	porc	JAMBON CUIT HERBE DE PROVENCE
164	porc	JAMBON CUIT SANS SEL NITRITE X2
165	porc	Jambon cuit sans sel nitrite X4
\.


--
-- Data for Name: users; Type: TABLE DATA; Schema: public; Owner: char_user
--

COPY public.users (id, email, name, password, role, input_mode) FROM stdin;
1	a@a.a	Admin	$2a$10$92IXUNpkjO0rOQ5byMi.Ye4oKoEa3Ro9llC/.og/at2.uheWG/igi	ADMIN	ORDER
4	gamm@test.com	Gamm'vert	$2a$10$0V5mRehFhTjY8EWwAY8XgOql2/zx5mTEz9P5rCGLpUoxX32mN/bti	CLIENT	ORDER
5	tabac@test.com	Tabac	$2a$10$6O4OJadfQYybXdQzw2602uOd37ryJ79W12DMRlrj0Pq3.Jk7p7RKW	CLIENT	STOCK
\.


--
-- Name: products_id_seq; Type: SEQUENCE SET; Schema: public; Owner: char_user
--

SELECT pg_catalog.setval('public.products_id_seq', 230, true);


--
-- Name: users_id_seq; Type: SEQUENCE SET; Schema: public; Owner: char_user
--

SELECT pg_catalog.setval('public.users_id_seq', 5, true);


--
-- Name: order_items order_items_pkey; Type: CONSTRAINT; Schema: public; Owner: char_user
--

ALTER TABLE ONLY public.order_items
    ADD CONSTRAINT order_items_pkey PRIMARY KEY (product_id, user_id);


--
-- Name: products products_pkey; Type: CONSTRAINT; Schema: public; Owner: char_user
--

ALTER TABLE ONLY public.products
    ADD CONSTRAINT products_pkey PRIMARY KEY (id);


--
-- Name: users uk6dotkott2kjsp8vw4d0m25fb7; Type: CONSTRAINT; Schema: public; Owner: char_user
--

ALTER TABLE ONLY public.users
    ADD CONSTRAINT uk6dotkott2kjsp8vw4d0m25fb7 UNIQUE (email);


--
-- Name: users users_pkey; Type: CONSTRAINT; Schema: public; Owner: char_user
--

ALTER TABLE ONLY public.users
    ADD CONSTRAINT users_pkey PRIMARY KEY (id);


--
-- Name: order_items fkhx6gswhearm3wj5sy50ypcyg5; Type: FK CONSTRAINT; Schema: public; Owner: char_user
--

ALTER TABLE ONLY public.order_items
    ADD CONSTRAINT fkhx6gswhearm3wj5sy50ypcyg5 FOREIGN KEY (user_id) REFERENCES public.users(id);


--
-- Name: product_user fkjqcj9ldg9wboo0vumixudga7g; Type: FK CONSTRAINT; Schema: public; Owner: char_user
--

ALTER TABLE ONLY public.product_user
    ADD CONSTRAINT fkjqcj9ldg9wboo0vumixudga7g FOREIGN KEY (product_id) REFERENCES public.products(id);


--
-- Name: product_user fkl61e9j8gr4g77k3b85ndqqq7d; Type: FK CONSTRAINT; Schema: public; Owner: char_user
--

ALTER TABLE ONLY public.product_user
    ADD CONSTRAINT fkl61e9j8gr4g77k3b85ndqqq7d FOREIGN KEY (user_id) REFERENCES public.users(id);


--
-- Name: order_items fkocimc7dtr037rh4ls4l95nlfi; Type: FK CONSTRAINT; Schema: public; Owner: char_user
--

ALTER TABLE ONLY public.order_items
    ADD CONSTRAINT fkocimc7dtr037rh4ls4l95nlfi FOREIGN KEY (product_id) REFERENCES public.products(id);


--
-- Name: TABLE order_items; Type: ACL; Schema: public; Owner: char_user
--

GRANT ALL ON TABLE public.order_items TO julien;


--
-- Name: TABLE product_user; Type: ACL; Schema: public; Owner: char_user
--

GRANT ALL ON TABLE public.product_user TO julien;


--
-- Name: TABLE products; Type: ACL; Schema: public; Owner: char_user
--

GRANT ALL ON TABLE public.products TO julien;


--
-- Name: SEQUENCE products_id_seq; Type: ACL; Schema: public; Owner: char_user
--

GRANT ALL ON SEQUENCE public.products_id_seq TO julien;


--
-- Name: TABLE users; Type: ACL; Schema: public; Owner: char_user
--

GRANT ALL ON TABLE public.users TO julien;


--
-- Name: SEQUENCE users_id_seq; Type: ACL; Schema: public; Owner: char_user
--

GRANT ALL ON SEQUENCE public.users_id_seq TO julien;


--
-- PostgreSQL database dump complete
--

\unrestrict quqDKYnXtwqD1IeCS8UE0t7c61geqfUaloxcvHeNENoufdYLLgXCOcYu1wMPGAN

